seed,model,family,recall
1,full,DDoS,0.9999918893052379
1,full,DoS,1.0
1,full,Mirai,1.0
1,full,Recon,0.7248475609756098
1,full,Spoofing,0.6764705882352942
1,full,Web,0.4787234042553192
1,full,BruteForce,0.37254901960784315
1,light,DDoS,0.9999756679157137
1,light,DoS,1.0
1,light,Mirai,1.0
1,light,Recon,0.6310975609756098
1,light,Spoofing,0.5559400230680508
1,light,Web,0.35106382978723405
1,light,BruteForce,0.09803921568627451
2,full,DDoS,0.9999919027684435
2,full,DoS,1.0
2,full,Mirai,1.0
2,full,Recon,0.7146153846153847
2,full,Spoofing,0.6937745372966909
2,full,Web,0.4803921568627451
2,full,BruteForce,0.2708333333333333
2,light,DDoS,0.9999919027684435
2,light,DoS,1.0
2,light,Mirai,0.9998945147679325
2,light,Recon,0.6307692307692307
2,light,Spoofing,0.5580482333146383
2,light,Web,0.38235294117647056
2,light,BruteForce,0.0
3,full,DDoS,0.9999838076347002
3,full,DoS,1.0
3,full,Mirai,1.0
3,full,Recon,0.7021919879062736
3,full,Spoofing,0.6795895096921323
3,full,Web,0.45454545454545453
3,full,BruteForce,0.3125
3,light,DDoS,0.9999676152694005
3,light,DoS,0.9999658912613412
3,light,Mirai,0.999894836470712
3,light,Recon,0.6258503401360545
3,light,Spoofing,0.5302166476624858
3,light,Web,0.3409090909090909
3,light,BruteForce,0.0625
4,full,DDoS,1.0
4,full,DoS,0.9999658084589872
4,full,Mirai,1.0
4,full,Recon,0.6936647955092221
4,full,Spoofing,0.7048158640226629
4,full,Web,0.5252525252525253
4,full,BruteForce,0.20833333333333334
4,light,DDoS,0.9999919046038518
4,light,DoS,0.9999316169179745
4,light,Mirai,0.999896071502806
4,light,Recon,0.5998396150761829
4,light,Spoofing,0.5677053824362607
4,light,Web,0.43434343434343436
4,light,BruteForce,0.020833333333333332
5,full,DDoS,0.9999837815044277
5,full,DoS,0.9999661590524535
5,full,Mirai,0.9998945036396244
5,full,Recon,0.7129840546697038
5,full,Spoofing,0.6786941580756014
5,full,Web,0.49473684210526314
5,full,BruteForce,0.18867924528301888
5,light,DDoS,0.9999270167699245
5,light,DoS,0.9999323181049069
5,light,Mirai,0.9998945036396244
5,light,Recon,0.6438876233864844
5,light,Spoofing,0.5561282932416953
5,light,Web,0.3684210526315789
5,light,BruteForce,0.0
